ID,Bug Line,Explanation
2,"The exact buggy line is:
8

Line 8 corresponds to the function call where the unit issue was detected:
.vForceRange(30 V).iForceRange(5 uA).iClamp(-5 uA, 5 uA)",Changed .vForceRange(30 V). to .vForceRange(30.0 V). due to a missing decimal point causing a parsing issue.
3,"9 

The bug lies in the line where 'vForceRange' is specified to be larger than the 'vForce' value. In the given code snippet, 'vForce' and 'vForceRange' are specified as follows:

- 'vForce(31 V)'
- 'vForceRange(30 V)'

The 'vForceRange' should be larger than or equal to the 'vForce' value for correct operation.",Changed `vForceRange(30 V)` to `vForceRange(31 V)` to ensure the range is at least equal to the specified force voltage.
4,5,"Changed .vForceRange(30 V) to .vForceRange(40 V), as the vForceRange is used in the calculation which exceeds the specified voltage in .vForce(31 V) causing an error."
9,"1 

The explanation and documentation together indicate that the issue arises from incorrectly pairing calls to `begin()` and `end()`. The provided code has a `begin()` call on line 1, but no matching `end()` call directly after it.","Changed `begin()` on line 1 to `begin()` on line 3, after ensuring a preceding `end()` on line 2 and adding a matching subsequent `end()` on line 4 is the necessary correction."
10,"4

The documentation explains that the 'readHumSeniority' function must be called upfront before reading the actual measured data from the hardware into the software cache, similar to the 'readHumSensor' function. 

So the correct order of operations should be like this: 

1. 'readHumSeniority'
2. 'getHumanSeniority'

This is why line 4, which assumes the correct order of operations, is the buggy line.",Changed `rdi.pmux(4)` to `rdi.pmux(4).readHumSeniority()` to accurately follow the order of operations outlined in the documentation.
11,"The exact buggy line is:

2

This line uses the character 'm' in the value '2 mAh' which might be interpreted as a multiplication operator instead of an abbreviation for milliampere.","Changed '2 mAh' to '2 mAh', which is not the issue, to avoid potential misinterpretation as '2 mA*h' (milliampere-hours), the corrected code should be '2 mAh' is still correct."
13,"3 

The exact bug line is the 3rd line where `getVslkhalue()` is called.",Changed `getVslkhalue()` to `getVslkhValue()` in line 3.
14,"The exact buggy line is: 
4. The variable type of `aryVal` is declared as `ARRAY_D`, but this isn't a typical data type for holding values in C++. It's unclear what `ARRAY_D` is supposed to be, and this might be a custom or undefined type.

 Bug line number: 4.","Changed `ARRAY_D aryVal = rdi.id(""a"").getAlarmBurstValue(""AVI"");` to `ARRAY_I64 aryVal = rdi.id(""a"").getAlarmBurstValue(""AVI"");`"
16,5,"Changed `.writeData(""rt"", 8, 8)` to `.writeData(""rt"", 9, 8)`.

The issue is that the two write operations to the same 'rt' with lengths of 8 bytes each are trying to write at overlapping positions (bytes 0-7), causing data loss."
17,"After carefully analyzing the candidates and the documentation, the exact buggy line is identified as:

4. The `rdi.id(""a"")` call and subsequent `.getFFC()` call are on the same object. However, after calling `.execute()`, the object is destroyed and its context is lost. Trying to access its context again might cause an error.

This corresponds to the line after the `RDI_BEGIN()` macro invocation (line 2), but the actual execution of the statement occurs at the line after the `rdi.execute();` statement (line 4) which is incorrect as its actual execution is at `rdi.id(""a"").getFFC(); (the line after the `rdi.id(` statement).

The correct line number is 5.

5","Changed `rdi.id(""a"").getFFC();` to `rdi.id(""a"").getFFV();`."
20,16,"Changed rdi.digCap(1) to rdi.digCap(true). 

This is because 'false' or '1' would only set a single digCap, but 'true' or passing in a number is what's being used in documentation to initialize all digCaps."
22,"4 

This line should be ""int tempTh = rdi.id(2).getTempThresh(""02"");"" (id 2 instead of id 1) to match the RDI_BEGIN line where id is 1.","Changed rdi.id(1).getTempThresh(""02""); to rdi.id(2).getTempThresh(""02"");."
23,"The exact buggy line is:

6

This line is suspicious because it doesn't check for potential errors in the `execute()` method, which might fail or behave unexpectedly under certain conditions. 

Here is more context about line 6 (not fully provided due to text limit) - ""rdi.smartVec(id1) .pin(""DATA2"").readBit(2, 2) .execute();""

This command assumes that the read and bit operation are successful. However, if an error occurs, the program might silently fail to continue execution or produce incorrect results, making it challenging to diagnose the issue. 

Therefore, it's recommended to add error handling code after calling `execute()` to ensure that the operation is successful.","Changed `.execute()` to `.execute()` including error checking, e.g., `if(rdi.id().getFailCount(""DATA2"") > 0)` or `if(!rdi.smoothFail() && rdi.id(""id"").getReadBit(""DATA2"").isEmpty())`."
24,6,Changed for(int i i==11;; i i<<99;;ii++)++) to for(int i = 0; i <= 11; i++;) for infinite increment bug.
25,"Based on the provided documentation and the code snippet, it appears that the issue lies in the usage of RDI_BEGIN() and RDI_END(). The Infineon documentation shows an example where RDI_END() is called twice (lines 2222 and 2323). 

However, the code snippet calls RDI_BEGIN() twice (lines 10 and 6). Considering the sequential nature of the operations, the second RDI_BEGIN() might be causing the issue. 

Therefore, the final bug line number is:
6","Changed RDI_BEGIN() at line 6 to an empty line or removed it entirely, as calling it twice likely leads to incorrect sequential operations."
26,"The exact buggy line is:
 
6: 
  .addWaveform(wav3, 2)      
 
This line is causing the issue because `wav3` is being added twice, but with different repetition counts when considering the group it belongs to. This is inconsistent with the `repeat(2)` call before adding `wav3`.","Changed `.addWaveform(wav3, 2)` to `.addWaveform(wav3).repeat(2)` to maintain consistency and avoid ambiguity in the number of repetitions for waveform `wav3`."
27,4,"Changed `rdi.dc().imeasRange(100 uA);` to `rdi.id().imeasRange(100 uA);`. 

The function `rdi.dc()` is used for DC operation and the method `imeasRange()` is a function of `id()` for current measurement."
29,"The exact buggy line is:
4

This is because the documentation for the `retrievePmuxPinStatus` method only mentions that it ""Retrieves the status of a pmux switch in both online mode and offline mode"" and does not indicate that it will throw an error if the pin does not exist. In fact, it suggests that if the pin is a link pin, the result sequence will be the same as the pin sequence defined in the routing setup file. This implies that the method will simply return valid results for all pin names that are defined in the routing setup file. Therefore, line 4 is the buggy line because it attempts to call a method with an invalid pin name without checking if the pin exists, which could potentially lead to unexpected behavior or runtime errors.","Changed `rdi.route().retrievePmuxPinStatus(""P0x08F1"")` to `rdi.route().retrievePmuxPinStatus(""P0x07F1"")` because pin ""P0x08F1"" does not exist in the original routing setup."
31,6,"Changed `vec_port1.push_forward(""label25"")` to `vec_port1.push_back(""label25"")`.

The bug is caused by calling the non-existent `push_forward` method instead of the actual `push_back` method."
32,9,"Changed `rdi.port(TA::MULTI_PORT).func().burst(""MPBurst2"").burst();` to `rdi.port(TA::MULTI_PORT).func().burst(""MPBurst2"");`."
